Service,Category,Funnel_URL
Brand,Vertical,
12 min,"Self-improvement, microlearning",https://onboarding.12min.com/start?lng=en
7 Motifs,Nutrition and diet,https://longevity.7motifs.com/survey_v2/survey/0
Acely,Edtech,https://acely.ai/ace-the-act-quiz/
Addmile,"Mental, ADHD, Habits, Trauma",https://www.myaddmile.com/
Addmile,"Relations, Dating",https://www.myaddmile.com/landing/relationships
Affemity ,"Relations, Dating",https://affemity.com/l/B870sW?utm_adset_id=120214441226650278&utm_ad_id=120214441226780278&site_source_name=ig-Instagram_Reels&utm_adname=af_%40number%3D9996%40creator%3DVioletta%40topic%3Dhtttm%40concept%3Dtext%40type%3Dstatic%401x1_2&utm_adset=fb_5556_T1_WW_BC65_All_TopSTAT_3_02.01.25+DP+idk8148961&utm_campaign=120214441226630278&utm_campaign_type=datingcoach&utm_source=Facebook&campaign_name=fb_5556_T1_WW_BC65_All_TopSTAT_02.01.25+DP+idk8148961
Ahead,"Mental, ADHD, Habits, Trauma",https://ahead-app.com/sat/question?qpid=58&qid=4
AI girls,AI characters,https://ai-gf-fun.fnlfx.com/onewall15/
AI husband,AI characters,https://aihusband.app/ameo-cb19e
AI Jesus,Religion,https://myjoygames.com/ai-powered-jesus/
Ai Voronka,"Self-improvement, microlearning",https://ai-voronka.ru/1minipromo
Aligned,"Self-improvement, microlearning",https://aligned.guru/quiz-v2
Alomoves,Fitness,https://www.alomoves.com/surveys/onboarding
Alowellness,Nutrition and diet,https://app2.alowellness.com/woman/start
Alpacards,Language Learning,https://alpacards.shop/page-2/ukr
Angel Oasis,"Astrology, Human Design, Compatibility",https://angeloasis.com/who-is-my-guardian-angel/?utm_medium=paid&utm_id=23844820579250217&utm_content=23845300120960217&utm_term=23845300120850217&utm_campaign=23844820579250217&utm_source=facebook&campaign_id=23844820579250217&ad_id=23845300120960217
Anxious Anonymus Method,"Mental, ADHD, Habits, Trauma",http://www.yournextmindset.com/
Apt,Income,https://www.tryapt.ai/quiz
Asana Rebel,Fitness,https://get.asanarebel.com/pages/goals
ASL Bloom,Language Learning,https://app.aslbloom.com/
Aspect Health,Health,https://quiz.aspect-health.com/
Astroline,"Astrology, Human Design, Compatibility",https://sub.astroline.today/quiz-pp
Atly,Services,https://web.atly.com/gfe/finding-good-gluten-free-options
Atria,"Astrology, Human Design, Compatibility",https://sub.atria.mobi/quiz-pp/
Aurora,Parenting,https://quiz.aurorafirst.ai/adhd-adult-pw2
Aurora,Parenting,https://quiz.aurorafirst.ai/
Babbel,Language Learning,https://my.babbel.com/en/welcome/0?learn_lang=RUS&skipValueProps&skipInterstitial
Baby Book,Parenting,https://welcome.baby/start?qz=wb1&locale=EU
Baby Face,Health,https://babyface.yoga/start?qz=bf1&locale=EN
Balance,"Mental, ADHD, Habits, Trauma",https://get.balanceapp.com/onboarding/select_goals
Barney,"Relations, Dating",https://boostrizz.com/
Be Blessed,Religion,https://wf.beblessed.me/it-4-2-9-1/
Best Me Fasting,Nutrition and diet,https://fasting.best.me/ww-en/g-27m-usd-metric/0-landing/?utm_source=facebook&utm_medium=cpc&utm_campaign=fbm_ww_pipe_test_manual_cbo_from-project-wide_28-jul&utm_content=image&utm_term=mz89&fb_ads_id=120225607529360395&fb_adset_id=120225607529330395&utm_id=120225607529270395&fbclid=PAQ0xDSwL0pYNleHRuA2FlbQEwAGFkaWQBqyCNpLy9iwGnXDRia2xhl59qOpiZZjespmYaM1KN-B6eckU1V5xh_bQ8Qwsj8gmhgsymR-w_aem_1UbfTvM6Lga4esyFG0GaNw
Better Kids,Parenting,https://better-kids.com/ru/onboarding/
Betterme,Fitness,https://betterme-chair-yoga.com/first-page-generated?flow=2160
Betterme,Fitness,https://betterme-chair-yoga.com/first-page-generated?flow=2161
Betterme,Fitness,https://betterme-chair-yoga.com/first-page-generated?flow=2271
Betterme,Fitness,https://betterme-calisthenics.com/en/first-page-generated?flow=1500
Betterme,Fitness,https://betterme-pilates.com/first-page-generated?flow=1416
Betterme,Fitness,https://betterme-pilates.com/first-page-generated?flow=2472
Betterme,Fitness,https://betterme-walking-workouts.com/first-page-generated?flow=2170
Betterme,Fitness,https://betterme-betterwoman.com/first-page-generated?flow=2434
Betterme,Fitness,https://betterme-treadmill.com/first-page-generated?flow=2225
Betterme,Nutrition and diet,https://betterme-meal-plan.com/first-page-generated?flow=2578
Betterme,Nutrition and diet,https://betterme-fasting.com/first-page-generated?flow=1443
Betterme ADHD,"Mental, ADHD, Habits, Trauma",https://betterme-mind-coaching.com/en/first-page-generated?flow=2910
Betterme ADHD,"Mental, ADHD, Habits, Trauma",https://betterme-antiburnout.com/en/first-page-generated?flow=2635
Betterme ADHD,"Mental, ADHD, Habits, Trauma",https://betterme-antiprocrastination.com/en/procrastination/first-page-gender-redesign?flow=2290
Betterme Chakras,"Astrology, Human Design, Compatibility",https://betterme-chakras.com/en/chakras/first-page-gender-v2?flow=2234
Betterme Creators,Income,https://creators.betterme.world/quiz/flows/2629
Betterme Leanme,"Physical goods, ecommerce",https://betterme-diets.com/first-page-leanme-landing?flow=3083
Betterme Relations,"Relations, Dating",https://mind.betterme.world/en/first-page-generated?flow=2448
Beyond Body,Fitness,https://woman.beyondbody.me/115
Beyond Body,Nutrition and diet,https://keto.beyondbody.me/508
Bible Chat,Religion,https://quiz.thebiblechat.com/god-given-spiritual-gift-3/iamjj8bx/?aid=%7B%7Bad.name%7D%7D&life_challange=purpose&utm_campaign=%7B%7Bcampaign.name%7D%7D&utm_source=facebook&placement=%7B%7Bad.name%7D%7D&fpid=01JTBPVVWZS8AVCVZ6ZEMK8FHK&fsid=01JTBPVVWZZ4NYEPQJFHZ3MFXH
Bible Path,Religion,https://holy-bible.app/onboarding
Bioma,"Physical goods, ecommerce",https://bioma.health/weight-loss-short
Birthchart,"Astrology, Human Design, Compatibility",https://birthchart.com/birth-chart-questions/?utm_medium=paid&utm_source=ig&utm_id=120213654051520087&utm_content=120215837003110087&utm_term=120215836489950087&utm_campaign=120213654051520087&fbclid=PAZXh0bgNhZW0BMABhZGlkAasXwmbta_cBpuH9msJh1YjvH05p2Zos9hchIV45f-Y9JDyNq8pKnhBf2gZO_alQdx4izQ_aem_dM_ZzWcRvDCFiOiG86q1cg
bitStudio,Photo Video,https://bitstudio.ai/?utm_medium=paid&utm_source=ig&utm_id=120215765888520319&utm_content=120215946853880319&utm_term=120215765888530319&utm_campaign=120215765888520319
Blesse,Religion,https://blesse.co/perfect-prayer
Blessed Paths,Religion,https://quiz.blessedpaths.com/?cohort=flow1_bb_60sa_20m
Blinkist,"Self-improvement, microlearning",https://www.blinkist.com/en/onboarding/quiz/age
Blossomup,IQ test,https://blossomup.co/
Blushed,AI characters,https://quiz.blushedapp.com/
Blushed,AI characters,https://funnel.youraifriend.com/
Bodyfast,Nutrition and diet,https://my.bodyfast.app/onboarding/loading
Bold Voice,Language Learning,https://start.boldvoice.com/join/name
Botify,AI characters,https://onboarding.botify.ai/bot-builder-funnel/
Brainary,IQ test,https://myjoygames.com/brainary-virtual/
Brainbloom,"Self-improvement, microlearning",https://quiz.brainbloom.me/qz2?utm_source=%7B%7Bsite_source_name%7D%7D&utm_medium=%7B%7Bplacement%7D%7D&utm_campaign=%7B%7Bcampaign.name%7D%7D&utm_content=main&AdSetName=%7B%7Badset.name%7D%7D&AdName=%7B%7Bad.name%7D%7D&CampaignID=%7B%7Bcampaign.id%7D%7D&AdSetID=%7B%7Badset.id%7D%7D&AdID=%7B%7Bad.id%7D%7D
Brainway,"Mental, ADHD, Habits, Trauma",https://brainway.app/start?qz=pro1
Brajti,"Self-improvement, microlearning",https://brajti.com/quiz/brajti_gender?cc=mt&lg=en&utm_source=ig&utm_medium=pso&utm_placement=Instagram_Stories&utm_campaign=MG-Brajti-180725-SUB(EU)&utm_content=ad1&utm_campaignid=120228976463070633&utm_adgroupid=120229124744140633&utm_creative=120229124744130633&sub=true&utm_id=120228976463070633&utm_term=120229124744140633&fbclid=PAQ0xDSwLnR8lleHRuA2FlbQEwAGFkaWQBqyPA-dba6QGnHdlhe48B9TR7UcNAvvzqMKGrzR8Oad6ep3IZ0NBI2Kidfby2ZvKdPr9Tldw_aem_0ivgoPq2bxDJHiOkYwwNfA
Brighterly,Parenting,https://app.brighterly.com/booking/personalized-winter-quiz
Cactus Quiz,Nutrition and diet,https://quiz.guiavidasaudavel.site/
CalCount AI,Nutrition and diet,https://get.calcountai.app/onboarding/chooseGoal?cc_s=facebook&cc_m=paid_social&cc_c=120217749122680314&cc_co=120227459147250314&cc_t=120227460564910314&utm_medium=paid&utm_source=ig&utm_id=120217749122680314&utm_content=120227460564910314&utm_term=120227459147250314&utm_campaign=120217749122680314&fbclid=PAQ0xDSwL0tEVleHRuA2FlbQEwAGFkaWQBqyLvBrhOugGn5dsCxarya7f63i5IdLGGq7MJ41V8LlFkJPYfeCz94sm9b_sA9VxwRjP_pJQ_aem_6hZkPRrxsVvqEvbEpC1TYw
Calisthenix,Fitness,https://pilates-woman.com/pilates-w/step-start?utm_source=facebook&camp_id=%7B%7Bcampaign.id%7D%7D&camp_name=%7B%7Bcampaign.name%7D%7D&utm_campaign=%7B%7Badset.id%7D%7D&asn=%7B%7Badset.name%7D%7D&utm_medium=%7B%7Bad.id%7D%7D&utm_term=%7B%7Bad.name%7D%7D&locale=en&utm_target=v(general_wall_pilates)_tm1(calistenics)_tm2(pilates)
Calmiq,"Mental, ADHD, Habits, Trauma",https://calmiq.fnlfx.com/calmiq-1/
Cardi Health,Nutrition and diet,https://cardi.health/home
Cardimate,Health,https://cardimate.com/age_range_1?cohort=cardimate14
Carni Meat,Nutrition and diet,https://carnimeat.com/start?qz=cm1_fr&locale=EN
Certified Fasting,Fitness,https://v3.certifiedfasting.com/us-en/g-33m-usd-trial/0-landing/
Chillio,"Mental, ADHD, Habits, Trauma",https://get-chillio.app/quiz
Clario,"Geo location, utilities",https://clario.co/rnd/setup-flow/it-3-1-8-bn6-2-upfront-high-v5
Clario,"Geo location, utilities",https://apps.app.clario.co/it-5-2/intro?arm=it-5-2&segment-key=F4ZFpKO0rJ8qnivaA7mW73eDwF6Ed6fX&iteration=it-major-link&ob-segment-id=9vKpDYYiAfCoJPxl8pDWpgHnQN7wqExn&payment-provider=1&payment-mode=production&fbclid=PAQ0xDSwMEHzVleHRuA2FlbQEwAGFkaWQBqyT3TjRDJgGnTxnHJEVg4kXQtUg0ZVddE-59FQUtEPzyTmw-QaDP6EuAwJpf5vk4RQXYYQ0_aem_Jrd1WcX42pazqtRUCAto0Q&utm-campaign=31-07-25_top+new_WW_iOS&utm-campaign-ad-id=120230459614690070&utm-campaign-adset-id=120230459614670070&utm-campaign-id=120229945969190070&utm-content=v2_video_NateFormats_9x16_260625_eng_remake_im_antispy.mp4&utm-medium=Instagram_Reels&utm-source=ig&utm-term=08-08-25_WW_top+new_HV_all+%E2%80%93+Copy+4&sid=5c01ecd3-7931-4c94-97b2-a39c2239204c&session-id=1754760745000.NTXQx%2B13oASgVoDbobT9r%2F4WxeVJ04CbPgTkmxcdLNxNHMJ81HSu90oAedIxgHPnptfMUp10WkFUBgrUr2nvYQ%3D%3D
Clarity Check,"Geo location, utilities",https://claritycheck.com/en
Clearly,"Mental, ADHD, Habits, Trauma",https://talk.clearly.help/v2/onboarding/default/0
Clever,IQ test,https://clever.dpmapps.com/clever-ce5d9
Cli Ai,AI characters,https://clichat.com.br/mage/quiz.php
Cognify,IQ test,https://trackbeat.app/cognifi/?plan=cognifi_wow_weekly_trial3
Colonbroom,"Physical goods, ecommerce",https://colonbroom.com/quiz
CosmicMatch,"Astrology, Human Design, Compatibility",https://cosmicmatch.org/main/d?utm_source=facebook&utm_medium=paid&utm_campaign=WW+%7C+A%2B+%7C+Phase2+%7C+CC+%7C+C+Funnel+%7C+01.07-WW+%7C+A%2B+%7C+Phase2+%7C+CC+%7C+C+Funnel+%7C+01.07&utm_content=CM_43_v9_DK_2024_48W_EN_VIDEO_9x16&utm_term=ig%7CInstagram_Stories%7C120216210726660268%7C120216210726690268%7C120216210726730268&fbclid=PAZXh0bgNhZW0BMABhZGlkAasYAbpGQJwBpsQOMpExo6xXRc8PlSbg6mqXZI4-lSSvm3PFuDCzt2bai9DC8TObxoTemQ_aem_z0Qm-UQJSz4r56VoIQ14ng
Coursiv,Income,https://coursiv.io/en/v5
Curology,"Physical goods, ecommerce",https://app.curology.com/sign-up/get-started/skin/welcome
Dancebit,Fitness,https://dance-bit.com/welcome?lang=en
Deepstash,"Self-improvement, microlearning",https://deepstash.com/growth-plan
Dialogue,AI characters,https://onboarding2.dialogue.app/
Digesti,Nutrition and diet,https://www.digestiplan.com/quiz?q=3
Digesti,Nutrition and diet,https://www.digestiplan.com/articles/i-have-my-life-back?cmpid=6500fa1879b5fa0001f100ef&sub1=120214232133690213&sub2=120214185204530213&sub3=120214133441220213&sub4=DG_EN_GV_0920_04_01_All_Ladies_With_1x1_img+%7C+The+average+woman+%7C+Advertorial%3A+Have+My+Life+Back+%7C+Page%3A+Cortisol+Detox+28+days+%7C+2024.09.24&sub5=LP%3AEN+%7C+WW+%7C+Broad+%7C+A18%2B+%7C+Advaud+%7C+Top+creatives+%7C+%234+%7C+2025.01.12&sub6=%5BGV%5D+DG+%7C+COLD+%7C+ABO+%7C+LP%3AEN+%7C+WW+%7C+BROAD+TESTING+%7C+2025.01.10&sub7=Instagram_Reels&sub8=ig&utm_source=facebook&utm_medium=paid
Dr Kegel,Men/Women health,https://quiz.kegel-plan.com/
Dream App,Health,https://onboarding.dreamapp.io/start
Dressly,Style,https://quiz.dressly.world/en/new-general-unique?utm_source=facebook&utm_campaign=Dressly_Web_Tier1%262%26EU_W_Purchase_SK_CC75_ASC_18_30.01.25_1week_new_general_unique_top_video_utc17+Campaign&utm_adset=Dressly_Web_Tier1%262%26EU_W_Purchase_SK_CC75_ASC_18_30.01.25_1week_new_general_unique_top_video_utc17+Ad+set&utm_ad=UAC-1553_AY_v2_EN_StartDressingForYourself_9x16&utm_term=120215467481140083&utm_content=120215467481180083&utm_id=120215467481170083&utm_medium=paid&fbclid=PAZXh0bgNhZW0BMABhZGlkAasXVLc6QQMBpgeSHaPuHraGhx_NP0hDXH532nfsnv36HfEh45j8ixIJZSPzDZU0ESMraQ_aem_UmS8S5feVjCFWwoJpaQ-_A&device_id=729f214d-d9bc-4e21-920b-d50a7237fa62
Dressly,Style,https://quiz.dressly.world/en/new-general-smart-plan?utm_source=facebook&utm_campaign=Dressly_Web_Tier1%262%26EU_en_Purchase_AD_BC75_CBO_25_08.08.25_1week_new_general_smart_plan_exclude_UK_ASC_top_video_1_utc00&utm_adset=Tier1%262%26EU_exclude_UK_top_video_39_08.08.2025&utm_ad=UAC-4881_VR_VM_v1_EN_OnlineShopping_Shein__DifferentBody_ClothesOnBed__Anx_Rew4142_v_9x16&utm_term=120231095802730518&utm_content=120231095812750518&utm_id=120231095802250518&utm_medium=paid&fbclid=PAQ0xDSwMEIoVleHRuA2FlbQEwAGFkaWQBqyWLbhxNRgGnZJrHZx60gP_BcaPfhCrOilBtvoBEZoPKJK14U9eyiNv-RJ21CyFFJC0vSZQ_aem__yogT5zyXeQnABWsSwX9Uw&device_id=688bf729-d2d4-4c97-be46-11f54ac3e7bd
Duomo,Men/Women health,https://goduomo.com/quiz?qid=01J583DW6AXMBPS7PE2D5NVKKQ
Duomo,Religion,https://goduomo.com/quiz
EasyFit,Fitness,https://www.easyfit.me/onboarding/1?utm_source=facebook&utm_medium=Instagram_Stories&utm_campaign=SL_Easyfit_WEB_Purch_US_EU_CA_AU_WEB_TEST_064_040125&utm_campaign_id=120215080799920388&utm_content=fit_056v1ND_9x16_som_FB_Laura+D_SASHA_460
Eclipse,"Astrology, Human Design, Compatibility",https://eclipce-app.com/quiz
Effecto ,"Mental, ADHD, Habits, Trauma",https://effecto.app/
Effecto ,"Self-improvement, microlearning",https://effectoapp.com/start?qz=ef1&locale=EN
Elevate,"Self-improvement, microlearning",https://onboarding.elevateapp.com
Emotica,AI characters,https://emotica.ai/start/?cmpid=662264e615b334000135a18c&sub1=120216236696370754&sub2=120216236689920754&sub3=120216236689790754&sub4=%5BEMO%5D+I_EMO_EN_CR_Video_EN_W46_CallMode_Script4_DG_IGNOT9_001+%7C+Copy+1+%7C+https%3A%2F%2Femotica.ai%2Fstart%2F+%7C+2024-12-12&sub5=%5BEMO%5D+EU+%7C+25-65+%7C+M+%7C+BROAD+%7C+2025.01.02&sub6=%5BEMO%5D+CBO+%7C+VERTICAL+%7C+LOCALES+%7C+2024.12.30+-+Copy&sub7=Instagram_Reels&sub8=ig&utm_source=facebook&utm_medium=social&utm_campaign=%5BEMO%5D+CBO+%7C+VERTICAL+%7C+LOCALES+%7C+2024.12.30+-+Copy&utm_content=%5BEMO%5D+EU+%7C+25-65+%7C+M+%7C+BROAD+%7C+2025.01.02&utm_term=%5BEMO%5D+I_EMO_EN_CR_Video_EN_W46_CallMode_Script4_DG_IGNOT9_001+%7C+Copy+1+%7C+https%3A%2F%2Femotica.ai%2Fstart%2F+%7C+2024-12-12&campaign_id=120216236689790754&adset_id=120216236689920754&ad_id=120216236696370754&utm_id=120216236689790754
Empty,Nutrition and diet,https://hf.greatapps.co/of-fast-01-02
Eve Friend,AI characters,https://evefriend.com/eve-ced36/
EverDance,Fitness,https://hf.greatapps.co/ed-gen-01-01
EveryDoggy,Hobbies,https://webapp.everydoggy.com/onboarding/?config=customV2&everydoggyV5=true&utm_source=facebook_web&fbpxls%5B%5D=everydoggy&fbpxls%5B%5D=doggy2nd_intro&utm_source=facebook_web&utm_medium=cpc&utm_campaign=%7B%7Bcampaign.name%7D%7D&utm_term=%7B%7Badset.name%7D%7D&utm_content=%7B%7Bad.name%7D%7D&adset_id=%7B%7Badset.id%7D%7D&c_id=%7B%7Bcampaign.id%7D%7D&ad_id=%7B%7Bad.id%7D%7D&pcfg=customV2
EveryDoggy,Hobbies,https://webapp.everydoggy.com/onboarding/?config=customV2&showWeekPrice=true&pcfg=customV2
Ewa,Language Learning,https://quiz.appewa.com/sweetboarding/en-ru/classic/bmrfemailv3/bmrf/000-start
Fabu,"Mental, ADHD, Habits, Trauma",https://fabu.care/quiz-3-5/?utm_source=facebook_funnel&utm_medium=%7B%7Bplacement%7D%7D&utm_campaign=%7B%7Bcampaign.name%7D%7D&adset_id=%7B%7Badset.id%7D%7D&campaign=%7B%7Bcampaign.id%7D%7D&adset_name=%7B%7Badset.name%7D%7D&ad_name=%7B%7Bad.name%7D%7D&ad_id=%7B%7Bad.id%7D%7D&entry_point=true
Fabuluous,"Mental, ADHD, Habits, Trauma",https://start.thefabulous.co/onboarding/fab-initial-fb-clarify-upsell-v2
Fabuluous,"Mental, ADHD, Habits, Trauma",https://mind.thefabulous.co/onboarding/mind-initial
Fabuluous,"Mental, ADHD, Habits, Trauma",https://time.thefabulous.co/onboarding/time-initial
Face Yoga,Beauty,https://app.faceyoga.coach/start
Face Yoga,Beauty,https://faceyoga.com/pages/dermatologist-reveals-face-yoga-benefits?utm_source=ig&utm_medium=paid&utm_campaign=%5BASC%5D+%5BTESTING%5D+%5BPRELANDER%5D+WINNERS+JULY&utm_content=VID_FY_EN_CR_Tom_002_TiredEyes_Challenge_TV_MIX_25.07.15_goldwinner_silverwinner+-+Copy&utm_term=%5BASC%5D+%5BTESTING%5D+%5BPRELANDER%5D+WINNERS+JULY&utm_contentid=120231565401130268&utm_id=120231565397980268&fbclid=PAZXh0bgNhZW0BMABhZGlkAasl-Mi14dwBpwt76hnpRCuDPTMd0QAOukn729sCObYlI7e_JPzh071P0rf4Ednps2Py42xr_aem_aFIrxuaecUxveXLvzTHQUw
Family Spots,"Geo location, utilities",https://sub.family-spots.com/quiz-pp
Famio,"Geo location, utilities",https://myfamio.com/intro_8?cohort=famio_main9&lang=en
FastEasy,Nutrition and diet,https://plan.fasteasy.io/onboarding?branch-name=general&link-id=go11dla
FastFit,Health,https://quiz.joinfastfit.com/quiz/start
Fastic,Nutrition and diet,https://web.fastic.com/survey/landing?funnel=no_loader&theme=generic
Fasting Tracker,Nutrition and diet,https://app2.alowellness.com/woman/start
Femia,Men/Women health,https://femia.io/?branch-name=motherhood&test-name=go1_2.9&track=true
Filterly,Style,https://get.filterly.app/onboarding/gender?fy_s=facebook&fy_m=paid_social&fy_c=120214365361990107&fy_co=120214365362040107&fy_t=120214365362020107
Finelo,Income,https://quiz.finelo.com/v6
Fishbox,"Geo location, utilities",https://wp.fishboxapp.com/quiz/us/1?plan=27.99q
Fit Coach,Fitness,https://fit-coach.io/start-age-conf-full-a?branch-name=wall_workouts&test-name=go4shd&gender=female
Fit Coach,Fitness,https://fit-coach.io/start-age-config?branch-name=kvn&test-name=go1kvn&gender=male
Fit Coach,Fitness,https://fit-coach.io/start-age-config?branch-name=general&test-name=go33clw&gender=male
Fit Even,Nutrition and diet,https://fiteven.com/lp-survey-longer-ol/?l=en
Fit Lens,Nutrition and diet,https://enof2.fitlens.site/
Fitify,Fitness,https://join.gofitify.com/en/onboarding/gender
Fitify,Fitness,https://join.gofitify.com/en/onboarding/gender?
Fitme,Fitness,https://quiz.fitme.health/?cohort=fitme_senior_3
Fitny,Fitness,https://start.fitny.app/?utm_source=FB&utm_medium=%7B%7Bplacement%7D%7D&utm_campaign=%7B%7Bcampaign.name%7D%7D&utm_adset=%7B%7Badset.name%7D%7D
Fitontime,Fitness,https://go.fit-on-time.ch/60s-quiz/
Flamify,AI characters,https://quiz.flamify.ai/default-copy
Flirt Genius,"Relations, Dating",https://flirtgenius.fnlfx.com/flirtgenius1
Flirtonic,"Relations, Dating",https://wf.flirtonic.com/it-1-5?affid=d2fc6e80-c247-11ef-a337-485ac2f5f200-mzb
Flitsboek,Stories and novels,https://onboarding.flitsboek.nl/welcome/onboarding-web
Flo,Men/Women health,https://app.flo.health/en
Fluently Ai,Language Learning,https://app.getfluently.app/onboarding/intro?traceId=4a43b8cb-804c-4ae3-aaba-92f36720d53c&access_token=eyJhbGciOiJIUzI1NiIsImtpZCI6IllIZkdNYk9DeWxzMkMvdHoiLCJ0eXAiOiJKV1QifQ.eyJhYWwiOiJhYWwxIiwiYW1yIjpbeyJtZXRob2QiOiJhbm9ueW1vdXMiLCJ0aW1lc3RhbXAiOjE3NDY0MzAzMTh9XSwiYXBwX21ldGFkYXRhIjp7fSwiYXVkIjoiYXV0aGVudGljYXRlZCIsImVtYWlsIjoiIiwiZXhwIjoxNzQ2NDMzOTE4LCJpYXQiOjE3NDY0MzAzMTgsImlzX2Fub255bW91cyI6dHJ1ZSwiaXNzIjoiaHR0cHM6Ly9tdWlhdWtub3hrcXFqam1kcHNnay5zdXBhYmFzZS5jby9hdXRoL3YxIiwicGhvbmUiOiIiLCJyb2xlIjoiYXV0aGVudGljYXRlZCIsInNlc3Npb25faWQiOiIyMTgzYjJiMi1jMDk0LTQ1N2UtOTYzZS1kMTdlZjNjYjMzNjEiLCJzdWIiOiIyYjVjNTA3Ni1jZjc0LTQyYTYtOGZkZS03OTY2MzVmOWU2YWEiLCJzdWJzY3JpcHRpb25fdGllciI6IkZyZWUiLCJ1c2VyX21ldGFkYXRhIjp7fX0.CcgAZY9qU00WT6sbCyQ8wFxs6nSuGEfLUKDftd7_UYw&refresh_token=miDEVfp4gIcvKr-HZVvzNA
Formula,Nutrition and diet,https://anti-inflammatory.formula.care/?utm_campaign=d:150625_e:w23-silver_a:1_px:m_f:anti-inflammatory_fp:AIC_ct:asc_g:ww_eo:purch_wo:7c_b:lc__120229499448880712&utm_content=d:150625_e:w23-silver_a:1_px:m_f:anti-inflammatory_fp:AIC_ct:asc_g:ww_eo:purch_wo:7c_b:lc__ig__120229499448810712&utm_id=120229499448880712&utm_medium=cpc&utm_source=Facebook-ads&utm_term=n-A107_ch-fb_t-banner_c-disappear_pr-pl_ds-us_s-1x1__120229499448860712
Formula,Nutrition and diet,https://mediterranean.formula.care/?utm_campaign=d:110525_e:w19-light-sparta_a:1_px:m_dev:ios_f:mediterranean_fp:MDMP_ct:bau_g:ww_eo:purch_wo:7c_b:lc_bl:cbo__120224559096700689&utm_content=01_e:light-sparta_g:us_gen:FM_age:30-65_aud:broad_pl:auto_dt:auto_creo:banner_eo:purch_wo:7c__ig__120224559096690689&utm_id=120224559096700689&utm_medium=cpc&utm_source=Facebook-ads&utm_term=n-M1047_ch-fb_t-banner_c-apostles_pr-pl_ds-pl_s-1x1__120224559096960689
Formula,Nutrition and diet,https://faith-mediterranean.formula.care/?utm_campaign=d:260525_e:Faith-apostle-asc-mix_a:1_px:m_f:faith_fp:AIC_ct:asc_g:ww_eo:purch_wo:7c_b:lc_bl:abo__120222629463810284&utm_content=d:260525_e:Faith-apostle-asc-mix_a:1_px:m_f:faith_fp:AIC_ct:asc_g:ww_eo:purch_wo:7c_b:lc_bl:abo__ig__120222629463800284&utm_id=120222629463810284&utm_medium=cpc&utm_source=Facebook-ads&utm_term=n-M969_ch-fb_t-banner_c-apostle_pr-ts_ds-pl_s-1x1__120222629463880284
Fottur,Fitness,https://fottur.io/start-quiz-b?branch-name=general&test-name=go22rkd
Freeletics,Fitness,https://www.freeletics.com/en/onboarding/
Friday Email,Services,https://welcome.friday-email.ai/ab4/question-age-b/
Futurescape,Edtech,https://futurescape.asa.org/
Gardenit,Hobbies,https://wf.gardenit.io/it-2/care?segment-key=F4ZFpKO0rJ8qnivaA7mW73eDwF6Ed6fX&ob-segment-id=tccSq91mXEOzoC6On1stmWH2Q5Sa0Zp2&iteration=it-1&payment-mode=production&payment-provider=4&utm-source=%7B%7Bsite_source_name%7D%7D&utm-medium=%7B%7Bplacement%7D%7D&utm-campaign=%7B%7Bcampaign.name%7D%7D&utm-term=%7B%7Badset.name%7D%7D&utm-content=%7B%7Bad.name%7D%7D&utm-campaign-id=%7B%7Bcampaign.id%7D%7D&utm-campaign-adset-id=%7B%7Badset.id%7D%7D&utm-campaign-ad-id=%7B%7Bad.id%7D%7D
Geo Mobile,"Geo location, utilities",https://quiz.geomobile.co/
Geozilla,"Geo location, utilities",https://start.geozilla.com/lp1ch2
Geozilla,"Geo location, utilities",https://start.geozilla.com/lp1ch2
Get Lean,Nutrition and diet,https://getlean.life/woman
Get Passion,Stories and novels,https://getpassionapp.com/intro/soldtoemperorson-intro
Getrelatio,"Relations, Dating",https://quiz.getrelatio.com/Pe3Sa9C/ptaeb0t9-gsds-xdzr-99zdd18c6fxy
Getrelatio,"Relations, Dating",https://getrelatio.tech/Pe3MbPs/gz6vjkdd-qoxi-netp-kcyxqpdxlaer/?utm_source=ig&utm_medium=Instagram_Reels&utm_campaign=PA0071_20250106_ABO_WW-BL_LW_Pe3MbPs_Static_PE_LAL-3_Core_C1&utm_content=13143_20241229_AS_AS_PAR_Static_EN_PE_M&utm_adset=20250106_WEB_WW-BL_ADV_1_PE3Mix_LAL-3-new_tech&utm_campaignid=120214334324830366&utm_contentid=120214334332880366&utm_adsetid=120214334327410366&utm_id=120214334324830366&utm_term=120214334327410366&fbclid=PAZXh0bgNhZW0BMABhZGlkAasWTNkv5P4BpkIFIfLC5oYiD22iScSIYTIKpLBUk_LBzOn4i_ij6hHAlEVd12oWxhc-VQ_aem_QCl3ZT_FYL9OrWp_K5NUgg
Getrest,Health,https://quiz.getrest.app/cirye/?fpid=01JTGC3V27A2M9F80FJARNJ2S0&fsid=01JTGC3V272CH8EMVTG514MZE0
Glow Beauty,Beauty,https://quiz.glovbeauty.com/
Go Invinsible,"Geo location, utilities",https://wf.goinvisible.io/it-3-1/intro?affid=73c6d280-d2b8-11ef-b9f1-7eac7ca44500-mzb&arm=it-3-1&epayId=323&fbclid=PAZXh0bgNhZW0BMABhZGlkAasX8Cdv-vEBpj_ppC97Bzzi53tW__GxHZLtZ5a48BJ9TrAHOFKQPvOYG05BGFlagJeWGQ_aem_0wFWMI-yD86LHIDLbonRMA&iteration=it-2-1_it-3_split&landId=3820&ob-segment-id=yR27bMHZEjaVskNZrfZcCz3d1iAQtsFl&payment-mode=production&payment-provider=1&r-chain=102760&reqid=Root=1-6786ccd9-57d3cc2a5d73fccb470da55a&sid=fa2e559e-24cb-45e8-9fc9-9e75f5b1fc3d&traffic-source=facebook&trt=323_0&u-intent=Privacy&userDefiner=mzb_4326&utm-campaign=GoInvisible_iOS_scale_webflow_it-2-fl-high-price-solo_20.09.2024&utm-campaign-ad-id=120216135204740161&utm-campaign-adset-id=120215730327370161&utm-campaign-id=120213314090950161&utm-content=01_GI204_0225_adameve3_1x1_Br&utm-medium=Instagram_Reels&utm-source=ig&utm-term=WW_iOS_topstatic_purchase_35-65_27.12.2024&utm_campaign=goinvisible_major_linkit_3_1&utm_content=&utm_medium=mzb_4326&utm_source=facebook&utm_term=
Good Inside,Parenting,https://www.goodinside.com/welcome/quiz/orientation/
Grativa,"Self-improvement, microlearning",https://wf.grativa.app/it-1/areas?iteration=it-1&ob-segment-id=dIBShvxAsgHvzjZEIdjSxvrEYnrIA7Ha
Greatness ,"Self-improvement, microlearning",https://greatnessapp.com/
Growthers,"Self-improvement, microlearning",https://q.growthers.co/ru/form?id=273&utm_source=facebook&utm_medium=cpc&utm_content=RU_growthers_Web_Tcrea_CFNL273-%2411%2C+24%2C+49_7DC1V_1JAN+-+3&utm_campaign=RU_growthers_ASC_Web_WW_RU_Faz2_HV_CFNL270_-%2411%2C+24%2C+49_Broad+_AllG_AllA_APL_7DC1V_2JAN&utm_term=20815_15207_Growthers_RU-TRANS-_Text_Image_4x5___EA_23DEC&utm_id=120216686167850629&ad_id=120216686167930629&adset_id=120216686167870629&placement=Instagram_Reels&site_source_name=ig&fbclid=PAZXh0bgNhZW0BMABhZGlkAasYcG5uhOUBppw1gFgataQ_byKusPCGmJqaFsk-jIQaLEDXr5Qyp3ckWASC1B8wYdfZ8Q_aem_uTabLrnI36kHEXsLqljOoQ
Growthers ,"Self-improvement, microlearning",https://q.growthers.co/form?id=273&utm_medium=paid&utm_source=ig&utm_id=120217029192480629&utm_content=120217029192470629&utm_term=120217029192440629&utm_campaign=120217029192480629
Gyna,Men/Women health,https://gyna.co/quiz
Habio,"Mental, ADHD, Habits, Trauma",https://flow.habio.pro/quiz/
Habio,"Mental, ADHD, Habits, Trauma",https://sub.habioapp.com/quiz-pp
Habio,"Self-improvement, microlearning",https://sub.habio.me/quiz-pp?idfm=4f6ac9e0-26b5-11f0-97f0-9d941164faa2
Habitbox,"Mental, ADHD, Habits, Trauma",https://habitboxapp.me/question/1?user_id=e0503a43-80ea-4605-9033-a43c4a0e4a81&flow=11&offer_1m_test=origin&dashboard_test=without_dashboard
Hack Motion,Hobbies,https://hackmotion.com/quiz-bellow-10/?quiz
Hallow,Religion,https://onboarding.hallow.com/?screenName=motive_question
Hapday,"Mental, ADHD, Habits, Trauma",https://quiz.getsmarthabits.com/hapday-c401f
Hapday,"Mental, ADHD, Habits, Trauma",https://quiz.getsmarthabits.com/
Hapday,"Mental, ADHD, Habits, Trauma",http://hapday.live/
Happy Mamma,Health,https://likeable-valley-flora.heyflow.site/quiz-happymamma
Happyo,"Mental, ADHD, Habits, Trauma",https://gethappyo.co/landing-ct
Harmony,Health,https://harmony.expo.app/onboarding/welcome?utm_medium=paid&utm_source=ig&utm_id=120224944863020343&utm_content=120225439384150343&utm_term=120225067436550343&utm_campaign=120224944863020343
Harna,Fitness,https://harnafit.com/quiz/step-start
Harna,Fitness,https://pilates.harnafit.com/en/pilates-l/step-start
Harna,Fitness,http://walking.harnafit.com/en/walking-quiz/step-start
Harna,Fitness,https://harna-yoga.com/yoga1-all/step-start
Harna,Fitness,https://harna-app.com/somatic-quiz/step-start?
Headway,"Self-improvement, microlearning",https://onboarding.makeheadway.com/self-growth
Headway,"Self-improvement, microlearning",https://shop.makeheadway.com/products/headway-self-awareness-journal
Headway,"Self-improvement, microlearning",https://headway-product.com/start
Headway,"Self-improvement, microlearning",https://getheadway.net/en/worldwide
Headway,"Self-improvement, microlearning",https://getheadway.net/chat?utm_source=facebook&utm_campaign=WO2_CF_IFP_Advantage_TopCreoMix_R101&utm_placement=Instagram_Reels&quizId=quiz1&splitId=37&utm_adname=ENG_Image_BAU_Booklist_KeepItPrivate_No_W312%2F120216335846720566%3A+Ad+120216335966110566+%E2%80%93+Copy+2&utm_adset=WO2_CF_IFP_Advantage_TopCreoMix_R101&utm_ad_id=120216336643120566&utm_adset_id=120216336279770566&utm_campaign_id=120216336279780566&utm_medium=paid&utm_id=120216336279780566&utm_content=120216336643120566&utm_term=120216336279770566&fbclid=PAZXh0bgNhZW0BMABhZGlkAasYHwvjVGYBpkfIYDPHIBjMZZkjxAm4zC9VyB3BIZ0c9GzI0zX-3cn6MC4wRRyPetn5hg_aem_hxfheUxjNaeVLf7b2AoM_A
Heartbit,Health,https://heartbit.app/onboarding_sugar_v4gtl
Hearty,Parenting,https://app.pathfinder.vision/store
HeyZen,Fitness,https://start.heyzen.io/en/first-page-3/?theme=Somatic_age_v2&flow=701&paywall=id_type1
HeyZen,"Mental, ADHD, Habits, Trauma",https://start.heyzen.io/
Hint,"Astrology, Human Design, Compatibility",https://try.hint.app/en
Homemade Method,Nutrition and diet,https://start.homemademethod.com/quiz/?utm_source=social&utm_medium=free&utm_term=&utm_content=&utm_campaign=quiz&fpid=01JTFT22DY30KEPXR6DWTG7KQB&fsid=01JTFT22DYQ3668D01VMP8JNT8
Honeytoon,Stories and novels,https://honeytoon.com/comic/forbidden-fantasy/2
Hoola,Fitness,https://hoola.com/wallpilates/quiz
Hoola,Fitness,https://hoola.com/calisthenics/quiz
Hoola,Fitness,https://hoola.com/fasting/quiz?utm_source=ig&utm_medium=paid&utm_campaign=%5BTESTING%5D+GABIJA+%7C%7C+MAIN+%7C%7C+FASTING+%7C%7C+ABO&utm_content=VID_HO_EN_CR_Ign_001_RemakeJesusFasting_Script1_BreakingSweat_Lukas_25.07.10&utm_term=%5BTESTING%5D+GABIJA+%7C%7C+MAIN+%7C%7C+FASTING+%7C%7C+ABO&utm_contentid=120233471594770595&utm_id=120232767118290595_v2_s85_e13&fbclid=PAQ0xDSwL4nptleHRuA2FlbQEwAGFkaWQBqygF_Hk5UwGnhtkZgzouWDLKLyToUpKje0iwToiYXpeRCKRqw0M6Nli4nx6kqZ4XtEG2LPA_aem_cpWYFud3v6JoOCCrDYjzSg
Hoola,Fitness,https://hoola.com/fasting/quiz?utm_source=ig&utm_medium=paid&utm_campaign=%5BTESTING%5D+GABIJA+%7C%7C+MAIN+%7C%7C+FASTING+%7C%7C+ABO&utm_content=VID_HO_EN_CR_Ign_001_RemakeJesusFasting_Script1_BreakingSweat_Lukas_25.07.10&utm_term=%5BTESTING%5D+GABIJA+%7C%7C+MAIN+%7C%7C+FASTING+%7C%7C+ABO&utm_contentid=120233471594770595&utm_id=120232767118290595_v2_s85_e13&fbclid=PAQ0xDSwL4nptleHRuA2FlbQEwAGFkaWQBqygF_Hk5UwGnhtkZgzouWDLKLyToUpKje0iwToiYXpeRCKRqw0M6Nli4nx6kqZ4XtEG2LPA_aem_cpWYFud3v6JoOCCrDYjzSg
Human Design,"Astrology, Human Design, Compatibility",https://webhumandesign.com/link3paywall4
Hypnozio,Nutrition and diet,https://hypnozio.com/landing-wl/?l=en&vndr=hyphatfbpau
Imprint,"Self-improvement, microlearning",https://imprintapp.com/startnow/
Impulse,"Self-improvement, microlearning",https://mental-impulse.com/flow/brtr1
Impulse ,"Self-improvement, microlearning",https://mental-impulse.com/flow/mprof1??campaign=CBO_Mult_web_mprof1_CC&adset=CBO_Mult_web_mprof1_CC_YO_7&ad=14-01-25_CBO_Mult_web_mprof1_CC_YO_7-web_mprof_solar_1920_w1&source=ig&placement=Instagram_Reels&adset_id=120216797833560624&ad_id=120216797833430624&utm_medium=paid&utm_source=ig&utm_id=120216797833320624&utm_content=120216797833430624&utm_term=120216797833560624&utm_campaign=120216797833320624
Inflammi,Nutrition and diet,https://inflammiplan.com/
Inflammi,Nutrition and diet,https://inflammiplan.com/
InFlof,"Mental, ADHD, Habits, Trauma",https://try.getinflow.io/quiz/
Ink AI,Style,https://start.ink-ai.app/?utm_source=meta&utm_medium=cpm&utm_campaign=%7B%7Bcampaign.name%7D%7D&utm_content=%7B%7Bad.name%7D%7D&utm_adset=%7B%7Badset.name%7D%7D
Intch,Income,https://get.intch.org/onboarding/professional
International IQ,IQ test,https://iqinternational.org/?fbc_id=120214581238550604&h_ad_id=120214581238590604&fbclid=PAZXh0bgNhZW0BMABhZGlkAasWhmOg8KwBpghClgasWQqckc8OC8K0MsHYjZcOt8Ld0WyhoQDQoRWklbIav-3p8WtbyA_aem_YbXBeKVA4rpkPRT7w1_H2A
Intuvist,"Astrology, Human Design, Compatibility",https://intuvist.com/face-reading/
IQ Brain,IQ test,https://iqbrainpro.com/
IQ Masters,"Self-improvement, microlearning",https://iqmasters.app/get-started-en
iShape,Men/Women health,https://start.ishape.app/gender?utm_source=FB&utm_campaign=Campanha+1+App+Ishape%7C120216021637070303&utm_medium=Novo+conjunto+de+an%C3%BAncios+de+Vendas+%E2%80%94+C%C3%B3pia%7C120216022214120303&utm_content=criativo+03+homem%7C120216022214150303&utm_term=Instagram_Reels&xcod=FBhQwK21wXxRCampanha+1+App+Ishape%7C120216021637070303hQwK21wXxRNovo+conjunto+de+an%C3%BAncios+de+Vendas+%E2%80%94+C%C3%B3pia%7C120216022214120303hQwK21wXxRcriativo+03+homem%7C120216022214150303hQwK21wXxRInstagram_Reels&utm_id=120216021637070303
Isharing,"Geo location, utilities",https://promo.isharingsoft.com/welcomedeal_ab/
Jobescape,Income,https://jobescape.me/chat-v3
Jobliti,Income,https://jobliti.com/quiz/career_quiz_flow_3_v2?fbclid=&utm_campaign=&utm_term=&utm_content=&utm_id=&utm_source=facebook&utm_medium=paid&quiz_title=default&question=d5f92073-b791-43fc-a89d-234134c9dabc
Jumpspeak,Language Learning,https://www.jumpspeak.com/go-quiz
Just Fit,Men/Women health,https://www.justfitpro.com/en/question
Just smart,Language Learning,https://quiz.justschool.me/programming_qla?utm_source=facebook&utm_medium=paid&utm_campaign=%7B%7Bcampaign.name%7D%7D&utm_content=%7B%7Bad.name%7D%7D&campaign_id=%7B%7Bcampaign.id%7D%7D&adset_id=%7B%7Badset.id%7D%7D&ad_id=%7B%7Bad.id%7D%7D&utm_term=24free&leadType=programming-for-children
JustSpeak,Language Learning,https://justspeakai.com/funnel/?utm_source=facebook&utm_campaign=%7B%7Bcampaign.name%7D%7D&utm_content=%7B%7Bad.name%7D%7D&campaign_id=%7B%7Bcampaign.id%7D%7D&adset_id=%7B%7Badset.id%7D%7D&ad_id=%7B%7Bad.id%7D%7D
KegelMan,Men/Women health,https://webpremium.kegelman.app/
Keiki,Parenting,https://get.keiki.app/quiz/?flowId=general&priceConfigSource=growthBook
KetoGo,Nutrition and diet,https://v3.ketogo.app/wd-en/f-22m-usd-metric/0-landing/
Kids Learning,Parenting,https://growth.kids-learning.today/onboarding/
Kit Up,"Self-improvement, microlearning",https://q.kitup.net/en/form?id=296&utm_medium=paid&utm_source=ig&utm_id=120229927329680326&utm_content=120229927426730326&utm_term=120229927412400326&utm_campaign=120229927329680326&fbclid=PAZXh0bgNhZW0BMABhZGlkAaskhWFtZ6YBp6gbFOZljZ2beV8B4T6IHgKa0fbUrosV9r104KSOwE0c-SrFNE6xU8kB8aYA_aem_KFAEO9ZIuKMtrF3O5OsyzA
Knowely,Income,https://knowely.com/quiz/get-started?
Kuizu,"Relations, Dating",https://www.kuizu.studio/onboarding?utm_campaign=Tally2
Kumuda's Secret,Style,https://kumudassecret.com/?utm_source=ig&utm_medium=COI+-+Frequent+international+travelers+%2B+Bac%2B2+-+H+-+25%2F50+-+Capitales+%2B+UEA+-+English&utm_campaign=EC+-+Schedule+-+PDV+-+Phase+5+-+Scale&utm_content=KS+VSL+1.1&placement=Instagram_Reels&utm_id=120215049917930168&utm_term=120215049918080168
Kupid AI,AI characters,https://www.kupidoncreators.club/choose-character
Kure,Nutrition and diet,https://kureapp.health/
Kyo Skin,Beauty,https://www.quiz.kyoskin.com/eye-rejuvenation-ritual
LangoTalk,Language Learning,https://www.langotalk.org/onboarding/OnboardingExperience
Lasting Change,"Self-improvement, microlearning",https://thelastingchange.com/start?qz=lc1
Lazyfit,Fitness,https://lazyfit.ai/survey/yoga/chair-yoga?utm_source=facebook&campaign_name=%7B%7Bcampaign.name%7D%7D&campaign_id=%7B%7Bcampaign.id%7D%7D&adset_name=%7B%7Badset.name%7D%7D&adset_id=%7B%7Badset.id%7D%7D&ad_name=%7B%7Bad.name%7D%7D&ad_id=%7B%7Bad.id%7D%7D
Leaply,"Mental, ADHD, Habits, Trauma",https://tryleaply.com/en/vgn
Lerna,Language Learning,https://ailearna.com/onboarding
Letterlife,"Mental, ADHD, Habits, Trauma",https://app.letterlife.se/app/onboarding/start
Letterly,"Geo location, utilities",https://quiz.letterly.app/writingtool_general_long_1_7_190625/q2_writing_method?utm_source=meta&utm_medium=paid&utm_campaign=120223879529580510&utm_content=120223879530620510_120226675760180510&utm_id=120223879529580510&utm_term=120223879530620510
Leya,Language Learning,https://quiz.leyaai.com/english-plan-nvso/
Lift,Photo Video,https://v2.get-lift.app/onboarding/15_0
Lift,"Self-improvement, microlearning",https://v2.get-lift.app/onboarding/15_0/0/?quizGroupNumber=0&quizQuestionNumber=0&uuid=21cdaa68-51bd-4b82-85c6-2618d2c89709
Ling Learn,Language Learning,https://app.ling-app.com/en/onboarding
Lingvano,Language Learning,https://app.lingvano.com/onboarding
Lipozem,Nutrition and diet,https://vidapowerx.club/lipozemld2?utm_source=FACEBOOK&utm_medium=%7B%7Badset.name%7D%7D&utm_campaign=%7B%7Bcampaign.name%7D%7D&utm_content=%7B%7Bad.name%7D%7D&utm_term%20%20%20%20=%7B%7Bplacement%7D%7D
Liven,"Mental, ADHD, Habits, Trauma",https://quiz.theliven.com/en
LogicLike,Parenting,https://logiclike.web2wave.com/
Loona,Health,https://get.loona.app/
Lovestrive,"Relations, Dating",https://lovestrive.com/
Lovi,Beauty,https://interview.lovi.care/
LumenX,"Astrology, Human Design, Compatibility",https://quiz.lumenx.app/humandesign2/
Lumi,Style,https://quiz.lumi.place/?funnelId=d53cac9c-d43e-4b7c-a342-085f30741f2c
Lumi,Style,https://lumi.ageless.place/?funnelId=a737dfbe-052b-4b6b-867a-c4c898231419
Lumi,Style,https://lumi.tailored-box.com/?lang=en&funnelId=a2bdd9e1-1479-43a1-8f60-ce34168f3887
Lumi,Style,https://lumi.mybeautybox.style/?lang=en&funnelId=d833d806-06ae-4de8-9177-6ac7417fa736
Luna,"Astrology, Human Design, Compatibility",https://app-luna.com/
Lune,Health,https://sleep.thefabulous.co/onboarding/sleep-bedtime-sliders?utm_source=facebook&utm_medium=paid&utm_campaign=23848311239520793&utm_content=23848311239970793&utm_term=23848311239980793&utm_id=23848311239520793_v2_s02&fbclid=PAQ0xDSwLmH19leHRuA2FlbQEwAGFkaWQAVLnpyBUeGQGnrcMeYF8tnCIWqZ8oWzzA6s0AEHY84JJvPzLkP6Y2oioh88sFdNZigErbHjc_aem_9JhZakzS4eFOeOnEDxc_JA
Luvly,Beauty,https://quiz.luvly.care/?cohort=luvly_intro4_sale
Lymph,Health,https://www.lymph.app/?utm_medium=paid&utm_source=ig&utm_id=120229807842140168&utm_content=120229807842320168&utm_term=120229807842350168&utm_campaign=120229807842140168&fbclid=PAQ0xDSwL0r4ZleHRuA2FlbQEwAGFkaWQBqyRfjllMqAGnAS9NJxvquwz5xcboV3NuAzpyac2xmrdJnH00G7By3RmVWHKhXGRJGAqKKsI_aem_yommRuSzHZWmXv-cUezCsQ
Mad Muscles,Fitness,http://yoga.madmuscles.com/en/funnel/chair-yoga-116-v1-dark/step-age
Mad Muscles,Fitness,https://workouts.madmuscles.com/en/funnel/walking-for-weight-loss-lght-v3/step-age
Mad Muscles,Fitness,https://workouts.madmuscles.com/calisthenics_v75_b
Mad Muscles,Fitness,https://madmuscles.com/step-goal
Makes you fluent,Language Learning,https://makesyoufluent.com/it-quiz1/?q=1_age
Manifest,"Astrology, Human Design, Compatibility",https://manifest-affirmations.com/m/3in1/4c995353-8b08-4f5c-8da3-0f22c209541a/quiz
Manifest Affirmations,"Self-improvement, microlearning",https://manifest-affirmations.com/m/mt-hp/1067e564-ebfe-40b4-8ec6-9a29a15a77bc/quiz?utm_source=facebook&utm_medium=cpa&utm_campaign=120231932585180093&utm_content=120231932634980093&utm_id=120231932585180093&utm_term=120231932585190093&fbclid=PAQ0xDSwMASPJleHRuA2FlbQEwAGFkaWQBqyZOTCfunQGntscHy5h6sZ74oO-YOSHR2vAcA0vyQXs9qgW2zDRUeOQI1MkQQPoBhQbDxiE_aem_omuj8dLCgQKolUqCgbAojg
Master English,Language Learning,https://www.masterenglish.com/habla-ingles/76/2/
MaxBeauty,Beauty,https://face.themaxbeauty.com/
Maxxing Me,Beauty,https://start.maxxing.me/quiz
Medi Plan,Nutrition and diet,https://getmediplan.com/cortisol
Memory OS,"Self-improvement, microlearning",https://start.memoryos.com/new
Mensagens Psicol√≥gicas,"Relations, Dating",https://app2.mensagenspsicologicas.online/
Meowz,Hobbies,https://meowz.app/cat_sex_2?cohort=meowz2_1&lang=en
MIL Method,"Self-improvement, microlearning",https://quiz.koibee.com.br/
Mimika,Beauty,https://faceyoga-ar.com/quiz
Mimika,Beauty,https://quiz.mimika-uni.com/quiz?variant=variant16&step=0
Mimika,Beauty,https://quiz.mimika-app.com/quiz
Mimika,Beauty,https://try.mimika-app.com/mimika-korean-beauty/socialpruf/?utm_source=Facebook_web&utm_campaign=%7B%7Bcampaign.name%7D%7D&utm_content=%7B%7Badset.name%7D%7D&utm_term=%7B%7Bad.name%7D%7D&site_source_name=%7B%7Bsite_source_name%7D%7D&placement=%7B%7Bplacement%7D%7D&fpid=01JTG4V6R99B4P4PHF5MZM3MAE&fsid=01JTG4V6R9EHQSSNDRRQBZZ72W
Minderse,"Mental, ADHD, Habits, Trauma",https://app.minderse.com/
MindGuru,"Mental, ADHD, Habits, Trauma",https://www.mindguru.life/en-start-2821
Mindscape,"Self-improvement, microlearning",https://launch.mindscapeapp.io/mindscape-ceo-q5-hsr/
Mindscape,"Self-improvement, microlearning",https://join.mindscapeapp.io/mindscape-go20
Mindway,"Mental, ADHD, Habits, Trauma",https://mindway.app/start?qz=mw1&locale=EU
Mo Meditation,"Self-improvement, microlearning",https://web.momeditation.app/en?flow=gambling&utm_source=facebook&utm_medium=cpc&utm_campaign=Web_iOS_T1_CPA_16.12.24_EN_PMF-Gambling&utm_id=120214756606580722&utm_content=120214757108150722&utm_term=120214756606590722&fbclid=PAZXh0bgNhZW0BMABhZGlkAasXT5pvTKIBprnSg1y3HXrgkK_kW-RWH5rqMLtrZYwLuOc29zuLPdfB1NEBEHnS7pTLAg_aem_OMsXVqOMleK58LuxUr5fxA
Moby,Income,https://www.moby.co/try-moby-survey
Moerie,"Physical goods, ecommerce",https://pills.moerie.com/quiz
Moerie,"Physical goods, ecommerce",https://spray.moerie.com/quiz
Momeditation,Health,https://web.momeditation.app/en?flow=alcohol
Mondly,Language Learning,https://try.mondly.com/AB-v1-db/en-th
Monivate,Income,https://monivate.io/get-started/0?utm_funnel=general_onboarding
Moongrade,"Astrology, Human Design, Compatibility",https://moongrade.app/start?qz=mg1&locale=EN_US
Moonlia,"Astrology, Human Design, Compatibility",https://moonlia.fnlfx.com/onboarding1
Muscle Booster,Fitness,https://plan.muscle-booster.io/onboarding?branch-name=wmncls&gender=female&link-id=go6htm
Muscle Booster,Fitness,https://plan.muscle-booster.io/onboarding?branch-name=chair&gender=male&link-id=go1cih
Muscle Booster,Fitness,https://plan.muscle-booster.io/onboarding?branch-name=general&gender=male&link-id=go15jkl
Muscle Booster,Fitness,https://plan.muscle-booster.io/onboarding?branch-name=wmn_mp&gender=female&link-id=go1mpp
Muscle Booster,Fitness,https://plan.muscle-booster.io/onboarding?branch-name=calisthenics&gender=male&link-id=go4xgg
Muscle Booster,Fitness,https://plan.muscle-booster.io/onboarding?branch-name=chair&gender=male&link-id=go1cih
Muscle Booster,Fitness,https://muscle-booster.io/start-age-branches?branch-name=general&test-name=go2fnk
Musclefit,Health,https://musclefit.ai/survey/chair?utm_source=facebook&campaign_name=%7B%7Bcampaign.name%7D%7D&campaign_id=%7B%7Bcampaign.id%7D%7D&adset_name=%7B%7Badset.name%7D%7D&adset_id=%7B%7Badset.id%7D%7D&ad_name=%7B%7Bad.name%7D%7D&ad_id=%7B%7Bad.id%7D%7D
Muse Academy,"Relations, Dating",https://musesacademy.io/?landing_uuid=8df60cce-d972-4879-86f6-03b31d482f5b
My Best Health,Nutrition and diet,https://mybesthealth.club/nt1?rtkcid=688cf3e6d0400ded63d3018d&rtkcmpid=688bb1c1f51c59b56cfd7a13&fbclid=PAQ0xDSwL500JleHRuA2FlbQEwAGFkaWQBqyd1VPr2RgGnCnHGEqXg0WVuPW4N2wOtW84a4LQb1t_xtrwF3EB4-36hnX75_p4IX4ztsdw_aem_QR067iuPgodb_6RxkPs8yA
My Diabetes,Health,https://mydiabetes.health/startnow/pbp
My Drama,Stories and novels,https://web.dashdramas.com/video/dd7299ce-4605-4003-855d-35f6c8d675b2/?&lang=ro
My Dream Companion,AI characters,https://www.mydreamcompanion.com/create-char-funnel/
My IQ,IQ test,https://myiq.com/start/personality-test?e=829471977
MyBody,Nutrition and diet,https://mybody.health/startnow/mb-pbp-menopause?utm_source=facebook&utm_medium=cpc&campaign_id=120214620460550267&adset_id=120214620460610267&ad_id=120214620460900267&fbc_id=120214620460610267&h_ad_id=120214620460900267
MyFitCoach,Fitness,https://www.myfitcoach.app/step-gender
Mypersonality Lab,"Self-improvement, microlearning",https://mypersonalitylab.com/archetype
Natal Chart,"Astrology, Human Design, Compatibility",https://palmistry.natal-chart.online/quiz/1
Natal Chart,"Astrology, Human Design, Compatibility",https://compatibility.natal-chart.online/
Neasty,Health,https://hf.greatapps.co/neat-ba-01-01-men?utm_source=fb&utm_medium=120229691652010086&utm_campaign=120229691652040086&utm_content=120229691652080086&utm_term=Instagram_Reels&utm_id=120229691652040086&fbclid=PAQ0xDSwL4eNFleHRuA2FlbQEwAGFkaWQBqyREgNZj1gGnNqlGpNDCIeOWAv5gaPdKxOyoyzCOZpWHPbhRcGPu-66USKomUL0SU3kBT1k_aem_X1BGPRq5odwc4pnXKPe6Nw&sid=c2cef7ee-1914-430d-b427-904e18091c0c&fva=2025-07-31T16%3A27%3A37.736Z&fva=2025-07-31T16%3A27%3A37.736Z
Neatsy,Fitness,http://hf.neatsy-greatapps.co/neat-gen-01-02
Neatsy,Health,https://neatsy.ai/correct-your-posture-en.html
Nebula,"Astrology, Human Design, Compatibility",https://asknebula.com/flow/lp/simple-registration
Nebula,"Astrology, Human Design, Compatibility",https://appnebula.co/shamans/prelanding
Nebula,"Astrology, Human Design, Compatibility",https://appnebula.co/feminine-archetypes/prelanding
Nebula,"Astrology, Human Design, Compatibility",https://appnebula.co/love-addiction
Nebula,"Astrology, Human Design, Compatibility",https://appnebula.co/witch-power/prelanding
Nebula,"Astrology, Human Design, Compatibility",https://appnebula.co/goddess/prelanding
Nebula,"Astrology, Human Design, Compatibility",https://appnebula.co/starseed/prelanding
Nebula,"Astrology, Human Design, Compatibility",https://appnebula.co/moon-compatibility/prelanding
Nebula,"Astrology, Human Design, Compatibility",https://appnebula.co/codependency/gender
Nebula,"Astrology, Human Design, Compatibility",https://appnebula.co/life-control/prelanding
Nebula,"Astrology, Human Design, Compatibility",https://appnebula.co/hypnotherapy-intro/gender
Nebula,"Astrology, Human Design, Compatibility",https://appnebula.co/relationship-anxiety/gender
Necklo,Health,https://necklo.com/quiz
Nerva,Nutrition and diet,https://assessment.nervaibs.com/
Neurolift,"Mental, ADHD, Habits, Trauma",https://launch.neuroliftapp.com/neurolift-q4/
Neurotoned,"Mental, ADHD, Habits, Trauma",https://www.neurotoned.com/neuro-healing?utm_medium=paid&utm_source=ig&utm_id=120215467897120023&utm_content=120215467897290023&utm_term=120215467897170023&utm_campaign=120215467897120023
New Me,"Mental, ADHD, Habits, Trauma",https://startnewme.com/landing-home
New Me,"Self-improvement, microlearning",https://startnewme.com/landing-home?utm_medium=paid&utm_source=ig&utm_id=120213837936220726&utm_content=120213837936190726&utm_term=120213837936230726&utm_campaign=120213837936220726&fbclid=PAZXh0bgNhZW0BMABhZGlkAasV9R2NJuYBpi3qpkBf1PKMYcEFIbyOa4hcvbFIX0TujTiuci4H0LIgpZ3ytt6XQtGdUQ_aem_C-xM1GQTQ-W0vqTt7zIrbQ
Nextu,AI characters,https://www.nextu.pro/
Nibble,"Self-improvement, microlearning",https://nibble-app.com/es/landing?course=history
Nibble,"Self-improvement, microlearning",https://nibble-app.com/landing?course=philosophy
No Carbs Challenge,Nutrition and diet,https://nocarbschallenge.com/307
NoCarbsChallenge,Nutrition and diet,https://nocarbschallenge.com
Noom,Nutrition and diet,https://www.noom.com/lp/weightLossGoal
Nooro,Fitness,https://app.nooro-us.com/chair-yoga-001
Nooro,Fitness,https://app.nooro-us.com/treadmill-challenge-001
Nooro,Health,https://app.nooro-us.com/edema-quiz-026
Nooro,Nutrition and diet,https://app.nooro-us.com/gut-reset-011
Nord Astro,"Astrology, Human Design, Compatibility",https://nordastro.com/start?qz=na1&locale=EU
North Coders,Edtech,https://northcoders.com/sorting-quiz
Nova Health,"Physical goods, ecommerce",https://nova.health/start?qz=nv1&locale=EN
Nutri Virtual,Nutrition and diet,https://quiz.nutrivirtual.com/quiz
Nutricao,Nutrition and diet,https://question.pontoalimentar.com/
Nutrimate,Nutrition and diet,https://quiz.nutrimate.fit/?cohort=mf_intro4&lang=en
Nutrimate,Nutrition and diet,https://quiz.myfasting.fit/?cohort=mf_intro2
Omo,Nutrition and diet,https://omo-app.io/start_page_pbl/?branch-name=blockers&test-name=go3men&gender=male
Omo,Nutrition and diet,https://omo-app.io/start_page_mn/?branch-name=perfectbody&test-name=go1fem&gender=female
Omo,Nutrition and diet,https://omo-app.io/start_page_bl/?branch-name=belly&test-name=go1bel&gender=female
Omo,Nutrition and diet,https://omo-app.io/start_age_e/?branch-name=general&test-name=go8box&gender=female
Opal,"Mental, ADHD, Habits, Trauma",https://www.opal.so/quiz
Organic Fit,Fitness,https://quiz.organic-fit-mealplan.com/?
Organic Fit,Fitness,https://v1.organic-fit-greatapps.co/of-wp-03/index.html
Ornament Health,Health,https://quiz.ornament.health/en/onboarding/fsm_mobile_app_v2_short
Ornament Health,Health,https://ornament-weightloss.com/en/onboarding/fsm_weight_loss_v4_impevent
Otwo,Health,https://otwo.life/home
OurLove,"Relations, Dating",https://www.ourlove.com/hmfb/?afid=1000017321&&utm_source=facebook&utm_medium=cpc&utm_campaign=fb_olv_web_acc2_fem_event_subsc_eu_asIa_latam_video_ugc&fbclid=PAZXh0bgNhZW0BMABhZGlkAasXt5msJtIBpqJDCvOx7Jakhr8yNsORVAY3UIzy9O_xxVcezGWllGoRE-WnV6AFVULC1g_aem_eUOqlMB2VaEwKDheGfSISg
Paired,"Relations, Dating",https://www.paired.com/get-paired/kinkygameslist
Paired,"Relations, Dating",https://www.paired.com/get-paired/saygoodbye
Parenting Leader,Parenting,https://parentingleader.com/try-parenting-leader-now/y-quiz/quiz
Parenting Leader,Parenting,https://parentingleader.com/get-parenting-leader-now/k-quiz/quiz
PawChamp,Hobbies,https://paw-champ.com/questionary/quiz/quiz17
PDFExpert,"Geo location, utilities",https://pdfexpert.com/lp-w2w-uk
Perfect Body,Nutrition and diet,https://perfectbody.me/364
Perfect Day,"Self-improvement, microlearning",https://get.perfectday.ai/drivers
Plantbot,Hobbies,https://app.plantbot.me/onboarding
Plantin,Hobbies,https://quiz.myplantin.com/plantin
Plantismo,Nutrition and diet,https://plantisimo.com/start3/?cmpid=65f0510124e83f0001fb927f&sub1=120215838526100310&sub2=120215838526090310&sub3=120215838440180310&sub4=%5BPL%5D+S_PL_EN_VAR_Static_EN_W38_RJ_165+%7C+Post+ID+%7C+Copy+1+%7C+https%3A%2F%2Fplantisimo.com%2Fstart3%2F+-+2024-12-19&sub5=%5BPL%5D+WW+%7C+18-65+%7C+ALL+%7C+AUTO+%7C+Diet+STACK+%7C+VALUE-RULES+%7C+ADV+%7C+CC%2476.33+%7C+1-1-1+%7C+START3+%7C+TOP2_DEC+%7C+2025.01.03+-+Copy&sub6=%5BPL%5D+CBO+%7C+VERTICAL+%7C+%2Fstart3%2F+%7C+CC+%7C+2025.01.03&sub7=Instagram_Reels&sub8=ig&utm_source=facebook&utm_medium=social&utm_campaign=%5BPL%5D+CBO+%7C+VERTICAL+%7C+%2Fstart3%2F+%7C+CC+%7C+2025.01.03&utm_content=%5BPL%5D+WW+%7C+18-65+%7C+ALL+%7C+AUTO+%7C+Diet+STACK+%7C+VALUE-RULES+%7C+ADV+%7C+CC%2476.33+%7C+1-1-1+%7C+START3+%7C+TOP2_DEC+%7C+2025.01.03+-+Copy&utm_term=%5BPL%5D+S_PL_EN_VAR_Static_EN_W38_RJ_165+%7C+Post+ID+%7C+Copy+1+%7C+https%3A%2F%2Fplantisimo.com%2Fstart3%2F+-+2024-12-19&campaign_id=120215838440180310&adset_id=120215838526090310&ad_id=120215838526100310&fbclid=PAZXh0bgNhZW0BMABhZGlkAasXqxF7w9YBpqziG10rHFoF0nc4EZvU3M1R3oex5BpFjHnBaozv03bGD2bVccA2GqUgpw_aem_P7Ii7qDChtyveQ0xH15_fQ
Planty,"Geo location, utilities",https://w2w.theplanty.co/weekly099paidtrialmonthly2999introoffer/?utm_medium=paid&utm_source=ig&utm_id=120224834409630499&utm_content=120227687675810499&utm_term=120227687675720499&utm_campaign=120224834409630499&fbclid=PAQ0xDSwLjALZleHRuA2FlbQEwAGFkaWQBqyKsc_ItEwGnbCDi-9ZifQH99NYgvDXa6hj-fuyK_YEpWz5_VLO47kaQ10PhHqebldMZ1nQ_aem_UQsWrdw7rGdcEEZ8D7Zejg&fpid=01K06Q4NATNSNNDXF5K1MZ2MZH&fsid=01K06Q4NATN30V68NHSJR4NTPY
Postureletics,Health,https://quiz.postureletics.com/start
ProActify,"Mental, ADHD, Habits, Trauma",https://www.ourlove.com/hmfb/?afid=1000017321&&utm_source=facebook&utm_medium=cpc&utm_campaign=fb_olv_web_acc2_fem_event_subsc_eu_asIa_latam_video_ugc&fbclid=PAZXh0bgNhZW0BMABhZGlkAasXt5msJtIBpqJDCvOx7Jakhr8yNsORVAY3UIzy9O_xxVcezGWllGoRE-WnV6AFVULC1g_aem_eUOqlMB2VaEwKDheGfSISg
Promova,Language Learning,https://english-improve.com/o/app-bm-v3?screen=0
Prose,"Physical goods, ecommerce",https://prose.com/consultation/haircare/my-hair/age
Prosperi,Income,https://prosperi.academy/v6
Pulsebit,"Self-improvement, microlearning",https://sub.reflectioapp.com/quiz-pp
Radiant Me,Nutrition and diet,https://14daymetabolismreset.com/quiz
Raising Dog,Hobbies,https://raising.dog/start?qz=rd1&locale=EU
Raistone,"Physical goods, ecommerce",https://wf.raristone.com/it-1/value?iteration=it-1&ob-segment-id=PHlEeENhgjFDHiShINCW5jzGQ2mJpm7h&traffic-source=facebook&payment-provider=1&payment-mode=production&fb-pixel-id=408506335623889&fbclid=PAZXh0bgNhZW0BMABhZGlkAasZJwjwFKsBpl2iEkzFOUV6ujiKOVEGxUsjc8BgU9G8iA0oPi_zXpsvPhLOYdV2tKYBYw_aem_zS9R3YvzrRSaiyLjapKKEg&utm-campaign=23-01-25_RariStone_iOS_webflow_OS&utm-campaign-ad-id=120217469750180715&utm-campaign-adset-id=120217469750150715&utm-campaign-id=120217380948410715&utm-content=31v2_banner_Raristone_OM_EN&utm-medium=Instagram_Stories&utm-source=ig&utm-term=03_25-01-25_WW(excl)_iOS_top_35-65_f&sid=4779eac8-f02d-47f4-a817-c3524d513403&session-id=1737906445000.hXj8A0mxQ9w1npbDo5HPauAxkUG6o6Xy2XroytAQPXMbiZnlowMBnEzRUMBFmkaqlYQWYvIkCd5H59UkEsoPHg%253D%253D
Ratepunk,Services,https://flights.ratepunk.com/
Reading.com,Parenting,https://get.reading.com/welcome-v1-p
Reflectio,Health,https://sub.reflectioapp.com/quiz-pp
Replika,AI characters,https://replika.com/Mi4wLjA
Respontika,"Relations, Dating",http://respontika.com/onboarding-biw
Retake,"Geo location, utilities",https://retake.photos/onboarding
Reveal App,Nutrition and diet,https://app.reveal.club/pre-start-quiz
Reverse Health,Fitness,https://reverse.health/tour/somatic-yoga
Reverse Health,Fitness,https://reverse.health/tour/pilates-28-day-challenge
Reverse Health,Nutrition and diet,https://join.reverse.health/tour/nutrition-monthly-start
Ripito,"Mental, ADHD, Habits, Trauma",https://apps.ripito.app/it-1/intro?iteration=it-1-apps&ob-segment-id=Y62OhoilVBHyVGBSh4tZV8xpwNCLRowy&traffic-source=facebook&payment-provider=1&payment-mode=production&utm-campaign=20-03-25_Ripito_iOS_webflow_ABO_Creative+tests&utm-campaign-ad-id=120222422265000313&utm-campaign-adset-id=120222422188830313&utm-campaign-id=120218375109510313&utm-content=V4_RPTvideo_0804_CR_4x5_big+text_OP.mp4&utm-medium=Instagram_Reels&utm-source=ig&utm-term=24-04-25_TEST_Men+25-44%252C+WW+(excl)_RPTvideo_0804_CR_4x5_big+text_OP&utm_campaign=120218375109510313&utm_content=120222422265000313&utm_id=120218375109510313&utm_medium=paid&utm_source=ig&utm_term=120222422188830313&sid=e2d1ae6c-c103-4c3a-a331-c584b1738e41&session-id=1745539211000.RI%252F%252FJkceAJfQlepLC1TSYBSBarqUFoFnXLFNf0dImX01glveBqsgcaP1v9NGCTHPv%252BIjmmfmYpf9eOjIywRImQ%253D%253D
Rise Science,Health,https://start.risescience.com/start
Rise Science,Health,https://onboarding.risescience.com/start
Rise Science,Health,https://quiz.risescience.com/welcome
Riseguide,"Self-improvement, microlearning",https://plan.riseguide.com/en/rizz?split_group=r_1_c&utm_ad=2589_5_V9x16_RIZZ_InvisibleLearnCharisma_HTID48_CTtagTestimonialBombedPitch_CTID58_v2TMP19_TSK0_NewConcept_INVAK_OWNAK_DESOY_COMP0_DATE16042025_&utm_adid=120223597048230615&utm_adset=ASC10_USandTier1_LC&utm_adsetid=120223597048220615&utm_campaign=FB_R13_PIX4_2404_RG7_AP_ENG_Manual_LC_Core_+-+Copy&utm_campaignid=120223597048200615&utm_content=120223597048230615&utm_id=120223597048200615&utm_medium=paid&utm_placement=Instagram_Reels&utm_source=fb&utm_term=120223597048220615&deviceID=866137a4-8d79-48d0-b819-39e7880ab94d&flow=rizz
Role Chat,AI characters,https://chat.rolechat.io/demo_quiz
Scentbird,"Physical goods, ecommerce",https://www.scentbird.com/?flowName=facebookflow
Sculpi,Nutrition and diet,https://quiz.sculpiflex.com/
Sensa.health,"Mental, ADHD, Habits, Trauma",https://sensa.health/
Sensa.health,"Mental, ADHD, Habits, Trauma",https://sensa.health/adhd/
Sensa.health,"Mental, ADHD, Habits, Trauma",https://sensa.health/procrastination/
Sensa.health,"Mental, ADHD, Habits, Trauma",https://sensa.health/burnout/
Sensa.health,"Mental, ADHD, Habits, Trauma",https://sensa.health/self-esteem/
Sensa.health,"Mental, ADHD, Habits, Trauma",https://sensa.health/fatigue-exhaustion/
Sensa.health,"Mental, ADHD, Habits, Trauma",https://sensa.health/social-anxiety/
Sensa.health,"Mental, ADHD, Habits, Trauma",https://sensa.health/ptsd/
Sensa.health,"Mental, ADHD, Habits, Trauma",https://sensa.health/asd/
Sensa.health,"Mental, ADHD, Habits, Trauma",https://sensa.health/disorganization/
Sensa.health,"Mental, ADHD, Habits, Trauma",https://sensa.health/stress-anxiety/
Senses,Men/Women health,https://senses-greatapps.co/sen-genm-01-01v1/index.html
Sepered,"Self-improvement, microlearning",https://superead.com/onboarding/9a
Simple,Fitness,https://activity.simple-life-app.com/women-pilates
Simple,Fitness,https://activity.simple-life-app.com/women-yoga
Simple,Nutrition and diet,https://simple-life-app.com/men
Simple,Nutrition and diet,https://simple-life-app.com/women
Simple Keto System,Nutrition and diet,https://simpleketosystem.com/
Sipless,Health,https://wf.sipless.app/it-1-1/welcome?iteration=it-1-1&ob-segment-id=XC2aA7hCks7bD9AXW0FvdawPQhTq9RWI
Skilsta,"Self-improvement, microlearning",https://www.skillsta.app/quiz
SkinnyFit,"Physical goods, ecommerce",https://get.skinnyfit.com/
Skyfluence,Beauty,https://skyfluence-beauty.com/?funnelId=4f378238-c541-471c-b776-17b99a0bc192
Skyfluence,Beauty,https://dreamcircle.net/?funnelId=135b255f-06e7-4830-9fe4-1ddf0c8611eb
Skyfluence,"Mental, ADHD, Habits, Trauma",https://scfln.co/?funnelId=0131a4a1-66c8-45e0-b0bf-4259d4a6abe5
Skyfluence Beuty,Beauty,https://dreamcircle.net/?funnelId=135b255f-06e7-4830-9fe4-1ddf0c8611eb
Sleep,Health,https://sleep.fnlfx.com/sleep/
SlimKit,Fitness,https://slimkit.health/walking/survey/?stripeV50=true&fsV11=true&pcfg=stripeV50&fscfg=v11
Slowdive,"Mental, ADHD, Habits, Trauma",https://join.slowdive.app/
Slowdive,"Mental, ADHD, Habits, Trauma",https://chakra.slowdive.app/
Smartfood AI,Nutrition and diet,https://quiz.getsmartfood.com/
SmartyMe,"Self-improvement, microlearning",https://launch.smartymeapp.com/smartyme-q2
Sofa Yoga,Fitness,https://quiz.sofayoga.com/
Sololearn,Edtech,https://www.sololearn.com/en/wta?utm_source=meta&utm_medium=paid&utm_campaign=USTIER1_WEB_META_Standard_CPA_Purchase_BAU_PY_Ext_Apr25_00032&landingPageAlias=w2a-python-ext&onbpage=504
Soula,Men/Women health,https://onboarding.soula.care/?idfm=86f706a0-280c-11f0-8477-9982e90603c0
Sparkle,"Self-improvement, microlearning",https://sparklebook.app/onboarding
Speak,Language Learning,https://app.speak.com/tw-zh/onboarding/motivation
Speech Blubs,Parenting,https://hf.greatapps.co/sb-sd-01-01es
Speechify,"Self-improvement, microlearning",https://speechify.com/onboarding/mobile/quiz/intro/?multiplans=true
Spirio,"Astrology, Human Design, Compatibility",https://signup.spiriohub.com/en/energy/erlp1
Spygram,"Geo location, utilities",https://preview.spygram.digital/1?src=adszin&utm_source=FB&utm_campaign=(SPY-EN)%20(CBO)%20(T-PUB)%20(Tier%202)%201%20%E2%80%94%20C%C3%B3pia%20%E2%80%94%20C%C3%B3pia%7C120215267805610660&utm_medium=SP-L%2011.mp4%201%7C120215267806460660&utm_content=SP-L%2011.mp4%201%7C120215267806120660&utm_term=Instagram_Reels&xcod=FBhQwK21wXxR(SPY-EN)%20(CBO)%20(T-PUB)%20(Tier%202)%201%20%E2%80%94%20C%C3%B3pia%20%E2%80%94%20C%C3%B3pia%7C120215267805610660hQwK21wXxRSP-L%2011.mp4%201%7C120215267806460660hQwK21wXxRSP-L%2011.mp4%201%7C120215267806120660hQwK21wXxRInstagram_Reels
StepsConnect,Income,https://app.stepsconnect.com/onboarding/experience
Stories and Journeys,Men/Women health,https://blog.storiesandjourneys.com/adv-splash-stories/pink-broadening/?utm_source=facebook&utm_medium=cpc&utm_campaign=ROW+%7C+APSC+Adv%7C23861391932430198&utm_content=ROW+%7C+APSC+to+Adv%7C23861391932450198&utm_term=TC+053+Broad+%7C+Pink+%7C+StoriesJourneys%7C120210637876090199&ad_id=120210637876090199&utm_id=23861391932430198_v2_s03
Strawberry,"Self-improvement, microlearning",https://strawberry.me/quiz/quizB?isCoachingRightForMe=1
StyleDNA,Style,https://web.styledna.ai/q61vm/
StyleLab,Beauty,https://web.stylelab.mobi/intro-2-test/quest_1/?utm_source=facebook&utm_medium=%7B%7Bcampaign.id%7D%7D&utm_campaign=%7B%7Bcampaign.name%7D%7D&utm_content=%7B%7Bad.name%7D%7D&fpid=01JTG4ZA3XTAXRZMGFN500R3M3&fsid=01JTG4ZA3X5BECP3GFWWVDFEKB
Stylix,Style,https://sub.stylix.app/quiz-pp?idfm=17f3a570-ac41-11ef-8a78-0b8849956314
Swift,Language Learning,https://www.tutor-swift.com/main/v18/quiz
Swift ,Language Learning,https://www.tutor-swift.com/main?utm_source=facebook&utm_medium=social&utm_campaign=WW+%7C+ABO+%7C+Relaunch+%7C+12.20&utm_content=Broad+%7C+WW+%7C+Volume+%7C+1c1v+%7C+W1_3+%7C+01.09&utm_term=1X1_Wired&utm_id=120216738728290712&fbclid=PAZXh0bgNhZW0BMABhZGlkAasY9q-Ut7gBps3tj-EAbkbgZFEuyychNxjHW3Hgv8a7MlCZGJ6iMsofdSopY79fk1sr2A_aem_9HVY6zKzq9dXlZTkJYI2WA
Synthi AI,Language Learning,https://en.synthiaiapp.com/quiz
Talefy,Stories and novels,https://quiz.talefy.ai/quiz/1/
Terry Real,"Relations, Dating",https://quiz.terryreal.com/quiz/?utm_source=facebook&utm_medium=cpm&utm_campaign=quiz-conv-purchase-eu-240802&utm_content=img-gridtrailer3-copy3&utm_term=int-gratitude-2665-mf-eu-purchase-250224&utm_id=120210851328310390&fbclid=PAZXh0bgNhZW0BMABhZGlkAasYgK-637YBpm-cH3xI5YQGO1R-5RH92W-8OoJ-w1Y5UlXzbITy-llr3j7gDWwF3PZR5g_aem_A7VsaXJTRa8s7i-ai8r-Rg
The Coach,Fitness,https://get.malehealth.app/questionnaire?pw=health_disc_cel&add=supp&pixel_id=1533179193878819&utm_source=%7B%7Bcampaign.name%7D%7D&utm_medium=%7B%7Badset.name%7D%7D&utm_campaign=%7B%7Bad.name%7D%7D&campaign_id=%7B%7Bcampaign.id%7D%7D&adset_id=%7B%7Badset.id%7D%7D&ad_id=%7B%7Bad.id
The coach,Fitness,https://get.the.coach/questionnaire?pw=health_disc_cel&add=pdf1&utm_source=%7B%7Bcampaign.name%7D%7D&utm_medium=%7B%7Badset.name%7D%7D&utm_campaign=%7B%7Bad.name%7D%7D&campaign_id=%7B%7Bcampaign.id%7D%7D&adset_id=%7B%7Badset.id%7D%7D&ad_id=%7B%7Bad.id
The coach,Men/Women health,https://join.the.coach/app-questionare.html
The soap academy,"Physical goods, ecommerce",https://quiz.easycraftforbeginners.com/
Theo,Religion,https://onboarding.theopray.com/en/routine
Tiny Tap,Language Learning,https://edu.tinytap.com/upsellgadolv1?utm_source=FB_schoolaccount_US_1_2_noupsl_66&utm_medium=120215667337680510&utm_id=120215666676750510&utm_content=120215667337680510&utm_term=120215666676760510&utm_campaign=120215666676750510&fbclid=PAZXh0bgNhZW0BMABhZGlkAasXg1vapR4Bpi4D1tJZmyKpilUeYwFRrkvKdYjWMifyqv_qRtujPbOIAfJbdgn5pvuf0A_aem_IJNEVda_2xWT63A0YpSWpg
TinyTap,Parenting,https://www.start.tinytap.com/onboarding-quiz-ap?
TinyTap,Parenting,https://get.tinytap.com/savtot-60-long
Tixu Ai,AI characters,https://onboarding.tixu.ai/mix/davgaj9i/?utm_source=ig&utm_medium=Instagram_Reels&utm_campaign=Tixu_2404_WW_test_purchase_UGC&utm_content=120224621311380184__120224621312640184__120224621312610184&utm_term=3_1_1080x1350_tixu_new_income_subb_short_Group_1&utm_id=120224621311380184&fpid=01JSMJJHK1CC8DWV73DS6PWF20&fsid=01JSMJJHK12JKJ3D9ZWHMXZDG1
Today Is The Day,"Self-improvement, microlearning",https://todayistheday.app/dopamine/moon
Top Travel,"Geo location, utilities",https://toptravel.news/the-secret-flight-hack-frequent-travelers-swear-by/?utm_source=facebook&utm_medium=social&utm_campaign=FLIGHTS:WW+%7C%7C+LP:WW+FlightsV25+%7C%7C+ABO+%7C%7C+Test+%7C%7C+ValueBasedLAL+%7C%7C+06.20&utm_content=FLIGHTS:WW+%7C+LP:WW+FLightsV25+%7C+Test&utm_term=WWBlog_11.1_LP_0418_FreeFlights&fbc_id=120226405797580726&h_ad_id=120226405797570726&utm_id=120226405373750726
Total Security,"Geo location, utilities",https://totalsecurityappios.com/light/?utm_source=120215261906890380&utm_medium=120215319977850380&utm_campaign=Bogdan_Fishman_WW_ABO_0212&utm_content=ad17&utm_placement=Instagram_Reels&key=mr324xxczwCCjtop
Unimeal,Nutrition and diet,https://unimeal.com/ntrl-3-metabolic/step-age
Unimeal,Nutrition and diet,https://fasting.unimeal.com/fasting-woman-102/step-age-fasting
Utiself,"Self-improvement, microlearning",https://ultiself.com/get-usp-or-5-sol-sub-r2
V Shred,Nutrition and diet,https://le.vshred.com/sp/survey/hormone-quiz
Vert Run,Fitness,https://form.typeform.com/to/TnJPIAY6
Virtuemap,"Mental, ADHD, Habits, Trauma",https://virtuemap.com/start/
Visual Mind,"Self-improvement, microlearning",https://get.visualmind.app/onboarding/age?vm_s=facebook&vm_m=paid_social&vm_c=120214654948970642&vm_co=120218842892930642&vm_t=120218842913860642&utm_medium=paid&utm_source=ig&utm_id=120214654948970642&utm_content=120218842913860642&utm_term=120218842892930642&utm_campaign=120214654948970642&fbclid=PAZXh0bgNhZW0BMABhZGlkAasaZpQxOlIBpw8yGhNoEbDkr-_1r_Zv_O3_vke0HDPXNhtXZQeM8Pf0mX5me3Is3QokEX9a_aem_WE82vPyP8YrUfELrVgFKxg
Visual Mind,"Self-improvement, microlearning",https://get.visualmind.app/onboarding/age?vm_s=facebook&vm_m=paid_social&vm_c=120216001496760642&vm_co=120216001496750642&vm_t=120218270972950642&fbclid=PAZXh0bgNhZW0BMABhZGlkAasZ4WkxiwIBpk6TlOHLRRm9HOZ3d8tr0Kb85lh6Cs6WBRBPkDxWfVHO0i2yWrCWrAE3rg_aem_IJYhN8nM74F2c3_PZbEGgA
Vita Well,"Physical goods, ecommerce",https://vitawheel.app/?quizId=4e167f80-0b76-4024-a9d0-cbfc4c883166&utm_source=facebook&utm_medium=cpc&utm_campaign=Vitawell_Purchase_0304&utm_content=Animation_5_Group_1&utm_id=120219849340320306&utm_term=120222157533700306
VivaMente,"Mental, ADHD, Habits, Trauma",https://quiz.vivamente.app/?fbclid=PAZXh0bgNhZW0CMTEAAad2extE4NZj47UOYEVx9ZlEJo_xdyY3Mt6QPpb7xqIFdyiC60a96Ef5ZMR0Ig_aem_msInjFhrNt0yhrxXKOuicQ
Vocal Image,Hobbies,https://go.vocalimage.net/quiz/?
Vshred,Fitness,https://le.vshred.com/sp/survey/survey-ga
Walkfit,Fitness,https://walk-fit.io/onboarding?branch-name=wf_general&link-id=go1cnd
Walking Yoga,Health,https://walking.yoga/start?qz=wy1&locale=EN
Wall Pilates,Fitness,https://quiz.wallpilates.com/
Watch Faces,"Geo location, utilities",https://watchfaceshub.com/onbrd_ws/
WellTory,Health,https://app.welltory.com/survey/v26/1-age/?utm_source=facebook&utm_medium=cpc&utm_campaign=%7B%7Bcampaign.id%7D%7D&utm_content=%7B%7Bad.name%7D%7D
Windy,Hobbies,https://quiz.windy.app/snow-mqy15-lib
Windy,Hobbies,https://quiz.windy.app/windyapp-fishing-mqy15-lib/
Windy,Hobbies,https://quiz.windy.app/4x4-mqy15
WingmanX,"Relations, Dating",https://wingmanx.ai/babe/science-c/quiz
Wingtalks,"Relations, Dating",https://wingtalks.com/land/sp/f8f0e8b9/
Wiser,"Self-improvement, microlearning",https://start.wiserapp.co/onboarding?step=1&substep=1
Wisey,"Mental, ADHD, Habits, Trauma",https://wisey.app/c/self-organization
Wisey,"Mental, ADHD, Habits, Trauma",https://wisey-adhd.com/adhd-quiz
Woofz,Hobbies,https://woofz.academy/sex_4?cohort=woofz22_v3
Work With Shadow,"Self-improvement, microlearning",https://workwithshadow.com/main/x?utm_source=Facebook&utm_medium=USRegularLP&utm_campaign=%5BIB%5D+WW+%7C+RMR%2BReach+%7C+CBO+%7C+03.21&utm_content=SW_82_v11_SL_2025_15W_EN_IMAGE_1x1_WV_SW_19_v1+SW_19_v1+%28RegularLanding%29&utm_term=ig%7CInstagram_Reels%7C120218292072160636%7C120218292226790636%7C120219741212920636%7CWW+%7C+TITD+VW+3s.+365d.&utm_id=120218292072160636
Xeniosfitness,Health,https://www.xeniosfitness.com/start/
Yodha,"Astrology, Human Design, Compatibility",https://onboarding.yodha.app/en-check-your-compatibility
Yodha,"Astrology, Human Design, Compatibility",https://onboarding.yodha.app/en-check-your-compatibility?utm_source=facebook&utm_medium=paid&utm_campaign=Yodha_NAM_top_ctr_comps_AA_maa_30.01.25_web_enww&utm_content=Yodha_NAM_top_ctr_comps_AA_maa_30.01.25_web_enww&utm_term=120214719609170272&c_id=120214718674220272&ads_id=120214718674450272&ad_id=120214719609170272&utm_id=120214718674220272&fbclid=PAZXh0bgNhZW0BMABhZGlkAasWvIeHjFABptsGfypN1bUVLt4V5EXUHqDdOsB6BVvmZba5DkPIcFoXOTYVxc3vEqIBGA_aem_0GlABSWgJCIGb9BLn1W2vA
Yoga Go,Fitness,https://plan.yoga-go.io/onboarding?branch-name=taichi
Yoga Go,Fitness,https://plan.yoga-go.io/onboarding?branch-name=chair
Yoga Go,Fitness,https://plan.yoga-go.io/onboarding?branch-name=chair&gender=female&link-id=go1chr
Yoga Go,Fitness,https://plan.yoga-go.io/onboarding?branch-name=general&gender=male&link-id=go2mjo
Yoga Go,Fitness,https://plan.yoga-go.io/onboarding?branch-name=chair&link-id=go28mcb&gender=male
Yoga Go,Fitness,https://plan.yoga-go.io/onboarding?branch-name=general&gender=female
Yoga Go,Fitness,https://plan.yoga-go.io/onboarding?branch-name=wallpilates&gender=female&link-id=go20smo
Yogaia,Fitness,https://hf.yogaia-greatapps.co/yog-gen-01-02
Yourself,"Mental, ADHD, Habits, Trauma",https://www.yourselfirst.com/en/emotions
Youth,Fitness,https://quiz.youth-app.com/quiz?reset=1&variant=Pilates
Youth Genom,Nutrition and diet,https://v3.youthgenom.com/en-en/c-22m-eur-metric-green-v2/0-landing/
Zing AI Coach,Fitness,https://zingcoach.fit
Zing AI Coach,Fitness,https://zing-gym.coach 